First name,Last name,Email,Duration,Time joined,Time exited,Tasks & Deadlines
Aditya Purwar,21BBS0092,aditya.purwar2021@vitstudent.ac.in,4 min,8:58 PM,9:02 PM,"Tasks assigned to Aditya Purwar:
1. Train the LLM on the provided data sets using Hugging Face Transformers and GPT or CreateM models.
2. Create a clone of a Zoom-like platform using Django framework.
3. Integrate the AI model developed by Paath with the website by 14th April."
Aradhya Varma,21BBS0095,aradhya.varma2021@vitstudent.ac.in,4 min,8:58 PM,9:02 PM,"Aradhya Varma was assigned the following tasks and deadlines:

1. Develop the website based on the received design by 13th April.
2. Integrate the Genetic AI model with the website by 14th April."
Parth Agrawal,21BBS0112,parth.agrawal2021@vitstudent.ac.in,4 min,8:57 PM,9:02 PM,"Tasks assigned to Parth Agrawal:
1. Create an LLM trained on the company's own data sets using Hugging Face Transformers and GPT or CreateM models.
2. Develop a clone of a Zoom-like platform using the Django framework.
3. Integrate the AI model developed by Aradhyam with the website by 14th April."
